"id","company_name","contact_name","email","phone_number","password","website","description"
1,"Jayo","Paul Biford","pbiford0@nymag.com","604-697-1346","5escAkj0JgO8","reuters.com","natoque penatibus et magnis dis parturient montes nascetur ridiculus mus etiam vel augue vestibulum rutrum rutrum neque aenean auctor gravida"
2,"Dabjam","Lindsey Whitby","lwhitby1@free.fr","604-029-7470","Wd5XVqhbi","ucoz.com","est congue elementum in hac habitasse platea dictumst morbi vestibulum velit id"
3,"Voonix","Waldemar Arnott","warnott2@zdnet.com","604-034-2635","X7esVKPgg8","wikimedia.org","fusce congue diam id ornare imperdiet sapien urna pretium nisl ut"
4,"Minyx","Dorri Oliveira","doliveira3@shutterfly.com","604-672-7068","0LWsmk6lW2ZW","clickbank.net","mi pede malesuada in imperdiet et commodo vulputate justo in blandit ultrices enim lorem ipsum"
5,"Kayveo","Sig Honeyghan","shoneyghan4@w3.org","604-197-8730","0yNvPl","nhs.uk","ac leo pellentesque ultrices mattis odio donec vitae nisi nam ultrices libero non mattis pulvinar"
6,"Zoonder","Susie Creamer","screamer5@angelfire.com","604-738-8754","wFPBrtSQqL","apple.com","sapien iaculis congue vivamus metus arcu adipiscing molestie hendrerit at vulputate vitae nisl aenean"
7,"Roomm","Tallou Oake","toake6@google.de","604-200-6222","RTf8Q6llvsC","craigslist.org","porttitor pede justo eu massa donec dapibus duis at velit eu est congue elementum in hac"
8,"Blogtags","Philippine Python","ppython7@pbs.org","604-217-8636","Vgn9nG6GP","prnewswire.com","varius ut blandit non interdum in ante vestibulum ante ipsum primis in faucibus orci luctus et ultrices posuere cubilia"
9,"Geba","Korella Morriarty","kmorriarty8@123-reg.co.uk","604-728-5292","BQhT0Z","ifeng.com","parturient montes nascetur ridiculus mus etiam vel augue vestibulum rutrum rutrum neque aenean auctor gravida sem praesent id massa"
10,"Fanoodle","Norton Pelerin","npelerin9@wikispaces.com","604-071-6443","ZhsDopO","abc.net.au","integer tincidunt ante vel ipsum praesent blandit lacinia erat vestibulum sed magna at nunc commodo placerat praesent blandit"
