id,first_name,last_name,email,phone,bio,avatar_url,sin,resume_upload
1,Donaugh,Limbourne,limbourne@live.com,604-835-9218,curae donec pharetra magna vestibulum aliquet ultrices erat tortor sollicitudin mi sit amet lobortis sapien sapien non mi integer ac neque duis bibendum morbi non quam nec dui luctus rutrum nulla tellus in sagittis dui vel nisl duis,https://robohash.org/iuredeseruntpariatur.png?size=50x50&set=set1,720-58-2263,limbourne1.pdf
2,Lea,Schruur,schruur@outlook.com,604-980-3934,iaculis congue vivamus metus arcu adipiscing,https://robohash.org/oditsuntvelit.jpg?size=50x50&set=set1,852-28-8454,schruur2.pdf
3,Merill,Cleyburn,cleyburn@gmail.com,604-027-2099,sed sagittis nam congue risus semper porta volutpat quam pede lobortis ligula sit amet eleifend pede libero quis orci nullam molestie nibh in lectus pellentesque,https://robohash.org/sitetet.jpg?size=50x50&set=set1,404-71-3698,cleyburn3.pdf
4,Tanitansy,Girardetti,girardetti@gmail.com,604-552-8793,mauris viverra diam vitae quam suspendisse,https://robohash.org/pariaturnihilnon.png?size=50x50&set=set1,352-28-3083,girardetti4.pdf
5,Dominique,Yitzovitz,yitzovitz@live.com,604-100-2755,maecenas ut massa quis augue luctus tincidunt nulla mollis molestie lorem quisque ut erat curabitur gravida nisi at nibh in hac habitasse platea dictumst aliquam augue quam sollicitudin vitae consectetuer eget rutrum at lorem integer tincidunt ante vel,https://robohash.org/illoisteaperiam.png?size=50x50&set=set1,236-99-5654,yitzovitz5.pdf
6,Raff,Trimmell,trimmell@gmail.com,604-875-9200,nam dui proin leo odio porttitor id consequat in consequat ut nulla sed accumsan felis ut at dolor quis odio consequat varius integer ac leo pellentesque ultrices mattis odio donec vitae nisi nam ultrices libero non mattis pulvinar nulla pede,https://robohash.org/doloremetquo.png?size=50x50&set=set1,514-85-0910,trimmell6.pdf
7,Ailsun,MacDermott,macdermott@outlook.com,604-012-6665,luctus et ultrices posuere cubilia curae donec,https://robohash.org/cumquamsimilique.jpg?size=50x50&set=set1,694-77-7899,macdermott7.pdf
8,Jessika,Pipworth,pipworth@live.com,604-141-2589,quis orci nullam molestie nibh in lectus pellentesque at nulla suspendisse potenti cras in purus eu magna vulputate luctus cum sociis natoque penatibus et magnis dis parturient montes nascetur ridiculus mus vivamus vestibulum sagittis,https://robohash.org/dignissimosdolorunde.bmp?size=50x50&set=set1,608-25-2412,pipworth8.pdf
9,Blancha,Crowdson,crowdson@outlook.com,604-715-5540,non velit nec nisi vulputate nonummy maecenas tincidunt lacus at velit vivamus vel nulla eget eros elementum pellentesque quisque porta volutpat erat quisque erat eros viverra eget congue eget semper rutrum nulla nunc purus phasellus in felis donec semper,https://robohash.org/inventorerepudiandaeblanditiis.bmp?size=50x50&set=set1,563-15-4742,crowdson9.pdf
10,Kristan,Gaynsford,gaynsford@gmail.com,604-116-3624,congue risus semper porta volutpat quam pede lobortis ligula sit amet eleifend pede libero quis orci nullam,https://robohash.org/velitfacilislaborum.jpg?size=50x50&set=set1,363-29-1327,gaynsford10.pdf
11,Ivar,Antognazzi,antognazzi@outlook.com,604-543-6077,ultricies eu nibh quisque id justo sit amet sapien dignissim vestibulum vestibulum ante ipsum primis in faucibus orci luctus et ultrices posuere cubilia curae nulla dapibus dolor vel est donec odio justo sollicitudin ut suscipit a feugiat et eros vestibulum ac est lacinia nisi venenatis tristique fusce congue,https://robohash.org/velrerumex.jpg?size=50x50&set=set1,369-62-2136,antognazzi11.pdf
12,Shalna,Kingsbury,kingsbury@gmail.com,604-921-1840,sapien iaculis congue vivamus metus arcu adipiscing molestie hendrerit at vulputate vitae nisl aenean lectus pellentesque eget nunc donec quis orci eget orci vehicula condimentum curabitur in libero ut massa volutpat convallis morbi odio odio elementum eu interdum eu tincidunt in leo maecenas,https://robohash.org/mollitiaevenietconsequatur.bmp?size=50x50&set=set1,665-05-7557,kingsbury12.pdf
13,Marcela,Bigham,bigham@outlook.com,604-657-0149,nulla neque libero convallis eget eleifend luctus ultricies eu nibh quisque id justo sit amet sapien dignissim vestibulum vestibulum ante ipsum primis,https://robohash.org/explicabocumquecorrupti.jpg?size=50x50&set=set1,715-02-0770,bigham13.pdf
14,Olivier,Potten,potten@outlook.com,604-061-7606,congue etiam justo etiam pretium iaculis justo in hac habitasse platea dictumst etiam faucibus cursus urna ut tellus nulla ut erat id mauris,https://robohash.org/animisitex.bmp?size=50x50&set=set1,209-32-4931,potten14.pdf
15,Laurie,Arnli,arnli@live.com,604-968-3780,etiam faucibus cursus urna ut tellus nulla ut erat id mauris vulputate elementum nullam varius nulla facilisi,https://robohash.org/nihileumesse.jpg?size=50x50&set=set1,708-28-2833,arnli15.pdf
16,Clementine,Birdsall,birdsall@live.com,604-064-5349,tincidunt in leo maecenas pulvinar lobortis est phasellus sit amet erat nulla tempus vivamus in felis eu sapien cursus vestibulum proin eu,https://robohash.org/nullarepellendusdignissimos.png?size=50x50&set=set1,485-28-0531,birdsall16.pdf
17,Goldy,De Giorgio,de giorgio@gmail.com,604-170-1288,ut ultrices vel augue vestibulum ante ipsum primis in faucibus orci luctus et ultrices posuere cubilia curae donec pharetra magna vestibulum aliquet ultrices erat tortor sollicitudin mi sit,https://robohash.org/quismodiratione.bmp?size=50x50&set=set1,122-81-9851,de giorgio17.pdf
18,Merrile,Ughetti,ughetti@outlook.com,604-918-3821,varius nulla facilisi cras non velit nec nisi vulputate nonummy,https://robohash.org/reprehenderitdoloredebitis.bmp?size=50x50&set=set1,516-52-9163,ughetti18.pdf
19,Ludovika,Stirling,stirling@outlook.com,604-728-0056,orci vehicula condimentum curabitur in libero ut massa volutpat convallis morbi odio odio elementum eu interdum eu tincidunt in leo maecenas pulvinar lobortis est phasellus sit amet erat nulla,https://robohash.org/eosdistinctiorepudiandae.jpg?size=50x50&set=set1,651-63-6498,stirling19.pdf
20,Margeaux,Purdon,purdon@outlook.com,604-252-8037,non mi integer ac neque duis bibendum morbi non quam nec dui luctus rutrum nulla tellus in sagittis dui vel nisl duis ac nibh fusce lacus purus aliquet at feugiat,https://robohash.org/quaeratmaximequi.jpg?size=50x50&set=set1,572-86-1940,purdon20.pdf
21,Ermin,Cregin,cregin@live.com,604-127-6250,id nulla ultrices aliquet maecenas leo odio condimentum id luctus nec molestie sed justo pellentesque viverra pede ac diam cras pellentesque volutpat dui maecenas tristique est et tempus semper est quam pharetra magna ac consequat metus sapien ut nunc vestibulum ante ipsum primis in faucibus orci luctus et,https://robohash.org/doloremsitad.png?size=50x50&set=set1,266-46-2319,cregin21.pdf
22,Fredra,Clampton,clampton@outlook.com,604-125-6332,nullam varius nulla facilisi cras non velit nec nisi,https://robohash.org/sedsedautem.jpg?size=50x50&set=set1,141-85-7885,clampton22.pdf
23,Dillie,McCathie,mccathie@gmail.com,604-780-5403,habitasse platea dictumst etiam faucibus cursus urna ut tellus nulla ut erat id mauris vulputate elementum nullam varius nulla facilisi cras non velit nec nisi vulputate nonummy maecenas tincidunt lacus at velit vivamus vel nulla eget,https://robohash.org/minimaquamet.png?size=50x50&set=set1,733-94-2587,mccathie23.pdf
24,Thorny,Piller,piller@live.com,604-317-2765,mauris laoreet ut rhoncus aliquet pulvinar sed nisl nunc rhoncus dui vel sem sed sagittis nam congue risus semper porta volutpat,https://robohash.org/perferendisveritatisdolores.png?size=50x50&set=set1,789-02-1709,piller24.pdf
25,Jarrod,Lammiman,lammiman@outlook.com,604-151-0911,vulputate vitae nisl aenean lectus pellentesque eget nunc donec quis orci eget orci vehicula condimentum curabitur,https://robohash.org/velitetut.bmp?size=50x50&set=set1,181-22-9379,lammiman25.pdf
26,Cheri,Pinnere,pinnere@outlook.com,604-257-9359,sed tincidunt eu felis fusce posuere felis sed lacus morbi sem mauris laoreet,https://robohash.org/officiisdoloremea.png?size=50x50&set=set1,890-48-8902,pinnere26.pdf
27,Carney,Grattage,grattage@outlook.com,604-695-2076,orci eget orci vehicula condimentum curabitur in libero ut massa volutpat convallis morbi odio odio elementum eu interdum eu tincidunt in leo maecenas pulvinar lobortis est phasellus sit,https://robohash.org/asintmolestiae.bmp?size=50x50&set=set1,342-99-5498,grattage27.pdf
28,Ingunna,Queyos,queyos@gmail.com,604-223-6780,quis turpis sed ante vivamus tortor duis mattis egestas metus aenean fermentum donec ut mauris eget massa tempor convallis nulla neque libero convallis eget eleifend luctus ultricies eu nibh quisque id justo sit amet sapien,https://robohash.org/rationesimiliqueeos.jpg?size=50x50&set=set1,742-35-7619,queyos28.pdf
29,Car,Deavin,deavin@gmail.com,604-720-6420,aliquam lacus morbi quis tortor id nulla ultrices aliquet maecenas leo odio condimentum id luctus nec molestie,https://robohash.org/dictaomnisut.jpg?size=50x50&set=set1,833-69-7833,deavin29.pdf
30,Skipper,Kemble,kemble@live.com,604-162-2283,at nibh in hac habitasse platea dictumst aliquam augue quam sollicitudin vitae consectetuer eget rutrum at lorem integer tincidunt ante vel ipsum praesent blandit lacinia erat vestibulum sed magna at nunc commodo placerat praesent blandit nam nulla integer pede justo lacinia eget tincidunt eget tempus vel pede morbi porttitor,https://robohash.org/ullamvoluptassoluta.png?size=50x50&set=set1,209-19-2133,kemble30.pdf
31,Hildagarde,Wilcock,wilcock@live.com,604-683-7065,volutpat quam pede lobortis ligula sit amet eleifend pede libero quis orci nullam molestie nibh in lectus pellentesque at nulla suspendisse potenti cras in purus eu magna,https://robohash.org/voluptatemidqui.bmp?size=50x50&set=set1,207-25-1980,wilcock31.pdf
32,Berti,Leggat,leggat@outlook.com,604-534-2951,justo sit amet sapien dignissim vestibulum vestibulum ante ipsum primis in faucibus orci luctus et ultrices posuere cubilia curae nulla dapibus dolor,https://robohash.org/consequatursitsequi.jpg?size=50x50&set=set1,245-08-4888,leggat32.pdf
33,Gale,McNelly,mcnelly@live.com,604-015-5785,bibendum felis sed interdum venenatis turpis enim,https://robohash.org/consequaturvelitaque.jpg?size=50x50&set=set1,339-86-1285,mcnelly33.pdf
34,Creigh,Duck,duck@outlook.com,604-842-1410,mi integer ac neque duis bibendum morbi non quam nec dui luctus rutrum nulla tellus in sagittis,https://robohash.org/quodetdolorum.jpg?size=50x50&set=set1,237-73-4157,duck34.pdf
35,Nonna,Semered,semered@gmail.com,604-713-6173,pede ullamcorper augue a suscipit nulla elit ac nulla,https://robohash.org/suscipitdolorespossimus.jpg?size=50x50&set=set1,681-57-4416,semered35.pdf
36,Ennis,Trouel,trouel@outlook.com,604-748-9922,fermentum justo nec condimentum neque sapien placerat ante nulla,https://robohash.org/autemplaceatfugiat.bmp?size=50x50&set=set1,535-79-0053,trouel36.pdf
37,Sayre,Carlaw,carlaw@gmail.com,604-890-0594,imperdiet sapien urna pretium nisl ut volutpat sapien arcu sed augue aliquam erat volutpat in congue etiam justo etiam pretium iaculis,https://robohash.org/auterrorexercitationem.jpg?size=50x50&set=set1,643-68-1815,carlaw37.pdf
38,Anthony,Cosser,cosser@live.com,604-212-1746,ut ultrices vel augue vestibulum ante ipsum primis in faucibus orci luctus et ultrices posuere cubilia curae donec pharetra magna vestibulum aliquet ultrices erat,https://robohash.org/etducimusdicta.png?size=50x50&set=set1,528-23-0535,cosser38.pdf
39,Gery,Cohn,cohn@outlook.com,604-366-1155,aenean auctor gravida sem praesent id massa id nisl venenatis lacinia aenean sit amet justo morbi ut odio cras mi pede malesuada,https://robohash.org/fugiatporrout.png?size=50x50&set=set1,302-01-1978,cohn39.pdf
40,Melesa,Bodesson,bodesson@live.com,604-595-8808,dapibus dolor vel est donec odio justo sollicitudin ut suscipit a feugiat et eros,https://robohash.org/suscipitvoluptatemlaudantium.bmp?size=50x50&set=set1,862-51-1998,bodesson40.pdf
41,Manuel,Sailer,sailer@live.com,604-163-5386,ultrices aliquet maecenas leo odio condimentum id luctus nec molestie sed justo pellentesque viverra pede ac diam cras pellentesque volutpat dui maecenas tristique est et tempus semper est quam pharetra magna ac consequat metus sapien ut nunc vestibulum ante ipsum primis in faucibus orci luctus,https://robohash.org/underationeofficiis.bmp?size=50x50&set=set1,681-68-1859,sailer41.pdf
42,Fergus,Abbison,abbison@gmail.com,604-181-9488,aenean fermentum donec ut mauris eget massa tempor convallis nulla neque libero convallis eget eleifend luctus ultricies eu nibh,https://robohash.org/quisaepeet.jpg?size=50x50&set=set1,123-30-2361,abbison42.pdf
43,Stearne,Beane,beane@outlook.com,604-568-6461,convallis morbi odio odio elementum eu interdum eu tincidunt in leo maecenas pulvinar lobortis est phasellus sit amet erat nulla tempus vivamus in felis eu sapien cursus vestibulum proin eu mi nulla ac enim in tempor turpis nec,https://robohash.org/suntvoluptatibusmolestiae.png?size=50x50&set=set1,367-86-5431,beane43.pdf
44,Valry,Maron,maron@outlook.com,604-998-4359,turpis donec posuere metus vitae ipsum aliquam non mauris morbi non lectus aliquam sit amet diam in magna bibendum imperdiet nullam orci pede venenatis non sodales sed tincidunt,https://robohash.org/facilismolestiaevelit.jpg?size=50x50&set=set1,275-85-4651,maron44.pdf
45,Kiley,Lyptrade,lyptrade@outlook.com,604-176-8942,at lorem integer tincidunt ante vel ipsum praesent blandit lacinia erat vestibulum sed magna at nunc commodo placerat praesent blandit,https://robohash.org/distinctioquiaipsum.png?size=50x50&set=set1,251-02-1631,lyptrade45.pdf
46,Brice,Sheach,sheach@outlook.com,604-817-9560,ipsum primis in faucibus orci luctus et ultrices posuere cubilia curae nulla dapibus dolor vel est donec odio justo sollicitudin ut suscipit a feugiat et eros vestibulum ac est lacinia nisi venenatis tristique fusce congue diam id ornare imperdiet sapien urna pretium,https://robohash.org/consecteturmagnamdistinctio.jpg?size=50x50&set=set1,478-28-7607,sheach46.pdf
47,Dante,Trounson,trounson@live.com,604-717-4602,augue a suscipit nulla elit ac nulla sed vel enim sit amet nunc viverra dapibus nulla suscipit ligula in lacus curabitur at ipsum ac tellus semper interdum mauris ullamcorper purus sit amet,https://robohash.org/distinctiositsit.png?size=50x50&set=set1,180-91-4553,trounson47.pdf
48,Karisa,Gossan,gossan@gmail.com,604-571-0632,donec ut mauris eget massa tempor convallis nulla neque libero convallis eget eleifend luctus ultricies eu nibh quisque id justo sit amet sapien dignissim vestibulum vestibulum ante ipsum primis in faucibus orci luctus et ultrices posuere cubilia,https://robohash.org/doloresetvoluptatem.bmp?size=50x50&set=set1,893-02-5500,gossan48.pdf
49,Niki,Bantham,bantham@gmail.com,604-370-7315,odio in hac habitasse platea dictumst maecenas ut massa quis augue luctus tincidunt nulla mollis molestie lorem quisque ut erat curabitur gravida nisi at nibh in hac habitasse platea dictumst aliquam,https://robohash.org/ainvoluptatibus.bmp?size=50x50&set=set1,824-54-4967,bantham49.pdf
50,Diannne,Egel,egel@gmail.com,604-197-3948,vehicula consequat morbi a ipsum integer a nibh in quis justo maecenas rhoncus aliquam lacus morbi quis tortor id nulla ultrices aliquet maecenas leo odio condimentum id luctus nec molestie sed justo pellentesque viverra pede ac diam cras pellentesque volutpat dui maecenas tristique,https://robohash.org/similiquerationenon.bmp?size=50x50&set=set1,515-42-3151,egel50.pdf
51,Torrance,Simoneau,simoneau@live.com,604-750-9169,diam id ornare imperdiet sapien urna pretium nisl,https://robohash.org/autquiaexpedita.jpg?size=50x50&set=set1,848-35-9310,simoneau51.pdf
52,Jamey,Fylan,fylan@outlook.com,604-515-0529,metus sapien ut nunc vestibulum ante ipsum primis in faucibus orci luctus et ultrices posuere cubilia curae mauris viverra diam vitae quam suspendisse potenti nullam,https://robohash.org/estvoluptasconsequatur.png?size=50x50&set=set1,414-38-1606,fylan52.pdf
53,Jedd,Woodcock,woodcock@outlook.com,604-646-5410,diam vitae quam suspendisse potenti nullam porttitor lacus at turpis donec posuere metus vitae ipsum aliquam non mauris morbi,https://robohash.org/enimeosut.jpg?size=50x50&set=set1,273-14-9227,woodcock53.pdf
54,Anson,Vine,vine@gmail.com,604-969-1090,vestibulum proin eu mi nulla ac enim in tempor turpis nec euismod scelerisque quam turpis adipiscing lorem vitae mattis nibh ligula nec sem duis aliquam convallis nunc proin at turpis a pede posuere nonummy integer non velit donec diam neque vestibulum eget vulputate ut,https://robohash.org/solutanamconsequatur.bmp?size=50x50&set=set1,502-63-3375,vine54.pdf
55,Consalve,Gorner,gorner@gmail.com,604-872-6115,et ultrices posuere cubilia curae donec pharetra magna vestibulum aliquet ultrices,https://robohash.org/nullasitsit.bmp?size=50x50&set=set1,264-28-7428,gorner55.pdf
56,Deana,Harlett,harlett@gmail.com,604-196-3828,montes nascetur ridiculus mus etiam vel augue vestibulum rutrum rutrum neque aenean auctor gravida sem praesent id massa id nisl venenatis lacinia aenean sit amet justo morbi ut odio cras mi pede malesuada in imperdiet et commodo vulputate justo in blandit ultrices enim lorem ipsum dolor,https://robohash.org/sintremab.png?size=50x50&set=set1,665-54-6327,harlett56.pdf
57,Paton,Jonke,jonke@live.com,604-344-0625,purus aliquet at feugiat non pretium quis lectus suspendisse potenti in eleifend quam a odio in hac habitasse platea dictumst maecenas ut massa quis augue luctus tincidunt nulla mollis molestie lorem quisque ut erat curabitur gravida nisi at nibh in hac habitasse,https://robohash.org/sitnequequis.png?size=50x50&set=set1,451-87-7570,jonke57.pdf
58,Janela,Kiggel,kiggel@live.com,604-610-7917,pellentesque quisque porta volutpat erat quisque erat eros viverra eget congue eget semper rutrum nulla nunc purus phasellus in felis donec,https://robohash.org/doloresrepudiandaesint.bmp?size=50x50&set=set1,323-07-7695,kiggel58.pdf
59,Luciana,Maslin,maslin@outlook.com,604-763-6337,scelerisque quam turpis adipiscing lorem vitae mattis nibh ligula nec sem duis aliquam convallis nunc proin at turpis a pede posuere nonummy integer non velit donec diam neque vestibulum eget vulputate ut ultrices vel augue vestibulum ante,https://robohash.org/uteumfugiat.png?size=50x50&set=set1,253-29-8279,maslin59.pdf
60,Reynold,McGonigle,mcgonigle@gmail.com,604-955-5816,natoque penatibus et magnis dis parturient montes nascetur ridiculus mus vivamus vestibulum sagittis sapien cum sociis natoque penatibus et magnis dis parturient montes nascetur ridiculus mus etiam vel augue vestibulum rutrum rutrum neque aenean auctor gravida,https://robohash.org/reprehenderitquidemrecusandae.jpg?size=50x50&set=set1,147-12-0659,mcgonigle60.pdf
61,Alex,Karle,karle@live.com,604-089-4541,scelerisque quam turpis adipiscing lorem vitae mattis nibh ligula nec sem duis aliquam convallis nunc proin at turpis a pede posuere nonummy integer,https://robohash.org/dolordolordolores.bmp?size=50x50&set=set1,211-89-5361,karle61.pdf
62,Brock,Guyonnet,guyonnet@live.com,604-221-4558,nisl nunc nisl duis bibendum felis sed interdum venenatis turpis enim blandit mi in porttitor pede justo eu massa donec dapibus duis at velit eu est,https://robohash.org/quiaconsecteturut.bmp?size=50x50&set=set1,121-74-1316,guyonnet62.pdf
63,Cortie,Derry,derry@live.com,604-706-7972,nunc purus phasellus in felis donec semper sapien a libero nam dui proin,https://robohash.org/optiominusomnis.jpg?size=50x50&set=set1,364-07-5192,derry63.pdf
64,Donnajean,Gitthouse,gitthouse@gmail.com,604-037-1100,et tempus semper est quam pharetra magna ac consequat metus sapien ut nunc vestibulum ante ipsum primis in faucibus orci luctus et ultrices posuere cubilia curae mauris viverra diam vitae quam suspendisse potenti,https://robohash.org/evenietdoloremquibusdam.bmp?size=50x50&set=set1,125-61-0577,gitthouse64.pdf
65,Hobie,Todd,todd@outlook.com,604-612-4353,consequat nulla nisl nunc nisl duis,https://robohash.org/dolornihilmollitia.png?size=50x50&set=set1,694-75-4632,todd65.pdf
66,Amy,Whittleton,whittleton@live.com,604-816-0360,etiam faucibus cursus urna ut tellus nulla ut erat id mauris vulputate elementum nullam varius nulla,https://robohash.org/doloraditaque.bmp?size=50x50&set=set1,365-05-6197,whittleton66.pdf
67,Addy,De Hoogh,de hoogh@gmail.com,604-044-8346,lacinia nisi venenatis tristique fusce congue diam id ornare imperdiet sapien urna pretium nisl ut volutpat sapien arcu sed augue aliquam erat volutpat in congue etiam justo etiam pretium iaculis justo in hac habitasse platea dictumst etiam faucibus cursus urna ut,https://robohash.org/atqueofficiavoluptatem.jpg?size=50x50&set=set1,688-90-7891,de hoogh67.pdf
68,Elisabetta,Leedal,leedal@gmail.com,604-127-9701,et eros vestibulum ac est lacinia nisi venenatis tristique fusce congue diam id ornare imperdiet sapien urna pretium nisl ut volutpat sapien arcu sed augue aliquam erat volutpat in congue etiam justo etiam pretium iaculis justo,https://robohash.org/dolorumetinventore.jpg?size=50x50&set=set1,243-60-3184,leedal68.pdf
69,Faythe,Bakhrushkin,bakhrushkin@live.com,604-668-2325,montes nascetur ridiculus mus etiam vel augue vestibulum rutrum rutrum neque aenean auctor gravida sem praesent id massa id nisl,https://robohash.org/aliassintqui.bmp?size=50x50&set=set1,322-11-4292,bakhrushkin69.pdf
70,Eddie,Benedit,benedit@live.com,604-931-7351,nulla pede ullamcorper augue a suscipit nulla elit ac nulla sed vel enim sit amet nunc viverra dapibus nulla suscipit ligula in lacus curabitur at ipsum ac tellus semper interdum mauris ullamcorper purus sit,https://robohash.org/hicvoluptatesnemo.jpg?size=50x50&set=set1,544-80-7729,benedit70.pdf
71,Iver,Huffey,huffey@outlook.com,604-550-1933,maecenas leo odio condimentum id luctus nec molestie sed justo pellentesque viverra pede ac diam cras pellentesque volutpat dui maecenas tristique est et tempus semper est quam pharetra magna ac consequat metus sapien ut nunc vestibulum ante ipsum primis in faucibus orci luctus et ultrices posuere cubilia curae,https://robohash.org/distinctioquiaprovident.bmp?size=50x50&set=set1,874-52-3135,huffey71.pdf
72,Geri,Stead,stead@gmail.com,604-184-3654,ligula in lacus curabitur at ipsum ac tellus semper interdum mauris ullamcorper purus sit,https://robohash.org/voluptatesvelitpraesentium.jpg?size=50x50&set=set1,372-45-4020,stead72.pdf
73,Alvina,Kalkhoven,kalkhoven@outlook.com,604-040-0193,lobortis sapien sapien non mi integer ac neque duis bibendum morbi non quam nec dui luctus rutrum nulla tellus in sagittis dui vel nisl duis ac nibh fusce lacus purus aliquet at feugiat non pretium quis lectus suspendisse potenti in,https://robohash.org/quiaquiaassumenda.png?size=50x50&set=set1,544-42-2113,kalkhoven73.pdf
74,Corney,Balmer,balmer@gmail.com,604-094-0983,at nulla suspendisse potenti cras in purus eu magna vulputate luctus cum sociis natoque penatibus et magnis dis parturient montes nascetur ridiculus mus vivamus vestibulum sagittis sapien cum sociis natoque penatibus et magnis dis parturient montes nascetur ridiculus,https://robohash.org/ipsamlaudantiumet.bmp?size=50x50&set=set1,270-69-2029,balmer74.pdf
75,Guinna,Davydochkin,davydochkin@outlook.com,604-485-6608,interdum in ante vestibulum ante ipsum primis in faucibus orci luctus et ultrices posuere cubilia curae duis faucibus accumsan odio curabitur convallis duis consequat dui nec nisi volutpat eleifend donec,https://robohash.org/quimolestiaeid.jpg?size=50x50&set=set1,457-49-2171,davydochkin75.pdf
76,Phip,Feake,feake@live.com,604-588-8601,id justo sit amet sapien dignissim vestibulum vestibulum ante ipsum primis in faucibus orci luctus et ultrices posuere cubilia curae nulla dapibus dolor vel est donec odio justo sollicitudin ut suscipit a feugiat et eros vestibulum,https://robohash.org/eumexcepturieaque.bmp?size=50x50&set=set1,584-05-3478,feake76.pdf
77,Dorolisa,Pettis,pettis@live.com,604-594-7527,odio curabitur convallis duis consequat dui nec nisi volutpat,https://robohash.org/nihilipsaoptio.png?size=50x50&set=set1,759-46-6877,pettis77.pdf
78,Aharon,Gregoretti,gregoretti@live.com,604-620-5273,ante ipsum primis in faucibus orci luctus et ultrices posuere cubilia curae donec pharetra magna vestibulum aliquet ultrices erat tortor sollicitudin mi sit amet lobortis sapien sapien non mi integer ac neque duis bibendum morbi non quam nec dui luctus rutrum nulla tellus,https://robohash.org/quaeutodit.bmp?size=50x50&set=set1,271-29-0869,gregoretti78.pdf
79,Sammy,Luberti,luberti@outlook.com,604-145-6686,aliquet ultrices erat tortor sollicitudin mi sit amet lobortis sapien sapien non mi integer ac neque duis bibendum morbi non quam nec dui luctus rutrum nulla,https://robohash.org/noncommodieum.bmp?size=50x50&set=set1,245-72-4692,luberti79.pdf
80,Charmion,Bruno,bruno@gmail.com,604-319-8424,ante nulla justo aliquam quis turpis eget elit sodales scelerisque mauris sit amet eros suspendisse accumsan tortor quis turpis sed ante vivamus tortor duis,https://robohash.org/sintquibusdamoccaecati.jpg?size=50x50&set=set1,317-17-5408,bruno80.pdf
81,Alene,Krikorian,krikorian@gmail.com,604-413-3450,lectus pellentesque at nulla suspendisse potenti cras in purus eu magna vulputate luctus cum sociis natoque penatibus et magnis dis parturient montes nascetur ridiculus mus vivamus vestibulum sagittis sapien cum sociis natoque penatibus et magnis dis parturient montes,https://robohash.org/inventoreliberoillum.jpg?size=50x50&set=set1,196-54-1492,krikorian81.pdf
82,Crista,Beche,beche@outlook.com,604-434-3825,feugiat et eros vestibulum ac est lacinia nisi venenatis tristique fusce congue diam id ornare imperdiet sapien urna pretium nisl ut volutpat sapien arcu sed augue aliquam erat,https://robohash.org/utrepudiandaepraesentium.png?size=50x50&set=set1,843-44-0340,beche82.pdf
83,Goldina,Southerill,southerill@gmail.com,604-342-9466,duis mattis egestas metus aenean fermentum donec ut mauris eget massa tempor convallis,https://robohash.org/facerequivoluptatibus.bmp?size=50x50&set=set1,435-23-9215,southerill83.pdf
84,Aggi,Whitbread,whitbread@gmail.com,604-666-4777,fermentum justo nec condimentum neque sapien placerat ante nulla justo aliquam quis turpis eget elit sodales scelerisque mauris sit amet eros suspendisse accumsan tortor quis turpis sed ante vivamus tortor,https://robohash.org/suntfugacorporis.jpg?size=50x50&set=set1,750-98-4250,whitbread84.pdf
85,Mikol,Hullah,hullah@live.com,604-160-6697,vestibulum ante ipsum primis in faucibus orci luctus et ultrices posuere cubilia curae donec pharetra magna vestibulum aliquet ultrices erat tortor,https://robohash.org/aspernaturconsequunturearum.png?size=50x50&set=set1,519-22-5593,hullah85.pdf
86,Matty,Scullion,scullion@live.com,604-686-8688,pulvinar lobortis est phasellus sit amet erat nulla tempus vivamus in felis eu sapien cursus vestibulum proin eu mi nulla ac enim in tempor turpis nec euismod scelerisque,https://robohash.org/istedignissimosmagni.jpg?size=50x50&set=set1,442-65-4429,scullion86.pdf
87,Alma,Hellwing,hellwing@live.com,604-908-8014,accumsan odio curabitur convallis duis consequat dui nec nisi volutpat eleifend donec ut dolor morbi vel lectus in quam fringilla rhoncus mauris enim leo rhoncus sed vestibulum sit amet cursus id turpis integer aliquet massa,https://robohash.org/verosuntadipisci.jpg?size=50x50&set=set1,595-70-1732,hellwing87.pdf
88,Sophronia,McTerrelly,mcterrelly@gmail.com,604-893-9480,duis bibendum felis sed interdum venenatis turpis enim blandit mi in porttitor pede justo eu massa donec dapibus duis at velit eu est congue elementum in,https://robohash.org/nesciuntveritatisaccusantium.png?size=50x50&set=set1,772-15-5013,mcterrelly88.pdf
89,Guglielmo,Winslade,winslade@outlook.com,604-324-0355,eget nunc donec quis orci eget orci vehicula condimentum curabitur in libero ut massa volutpat convallis morbi odio odio elementum eu interdum eu tincidunt in leo maecenas pulvinar lobortis est phasellus sit amet,https://robohash.org/sapientemolestiaetenetur.png?size=50x50&set=set1,320-66-5742,winslade89.pdf
90,Win,Haggith,haggith@gmail.com,604-393-7243,turpis elementum ligula vehicula consequat morbi a ipsum integer a nibh in quis justo maecenas,https://robohash.org/etquicumque.png?size=50x50&set=set1,373-56-7723,haggith90.pdf
91,Aguste,Pellew,pellew@gmail.com,604-264-3571,nisi eu orci mauris lacinia sapien quis libero nullam sit amet turpis elementum ligula vehicula consequat morbi a ipsum integer a nibh in quis justo maecenas rhoncus aliquam lacus morbi quis tortor id nulla,https://robohash.org/quidemuteos.jpg?size=50x50&set=set1,331-47-1167,pellew91.pdf
92,Brenn,Pitcaithley,pitcaithley@live.com,604-156-5812,vestibulum sit amet cursus id turpis integer aliquet massa id lobortis convallis tortor,https://robohash.org/quodevenietet.png?size=50x50&set=set1,296-98-5284,pitcaithley92.pdf
93,Ola,Barnard,barnard@outlook.com,604-284-1165,id luctus nec molestie sed justo pellentesque viverra pede ac diam cras pellentesque volutpat dui maecenas tristique est et tempus semper est quam pharetra magna ac consequat metus sapien ut nunc vestibulum ante ipsum primis in faucibus orci luctus et ultrices posuere cubilia,https://robohash.org/ethicsapiente.bmp?size=50x50&set=set1,130-40-4938,barnard93.pdf
94,Mignon,Eberst,eberst@gmail.com,604-393-6082,non sodales sed tincidunt eu felis fusce posuere felis sed lacus morbi sem mauris laoreet ut rhoncus aliquet pulvinar sed,https://robohash.org/inciduntexcepturidignissimos.jpg?size=50x50&set=set1,327-40-4127,eberst94.pdf
95,Mirelle,Brightey,brightey@outlook.com,604-452-6813,nibh quisque id justo sit amet sapien,https://robohash.org/illumliberoblanditiis.png?size=50x50&set=set1,444-10-4886,brightey95.pdf
96,Lorenza,Novik,novik@gmail.com,604-313-2484,interdum eu tincidunt in leo maecenas pulvinar lobortis est phasellus sit amet erat nulla tempus vivamus in felis eu sapien cursus vestibulum proin eu mi nulla ac enim in tempor turpis nec euismod scelerisque quam,https://robohash.org/enimeaconsequatur.bmp?size=50x50&set=set1,308-04-7802,novik96.pdf
97,Shaina,Hedau,hedau@gmail.com,604-319-0393,porttitor lacus at turpis donec posuere metus vitae ipsum aliquam non mauris morbi non lectus aliquam sit amet diam in magna bibendum imperdiet nullam orci pede venenatis non sodales sed tincidunt eu,https://robohash.org/reprehenderitminimamaxime.bmp?size=50x50&set=set1,864-86-4052,hedau97.pdf
98,Colline,Stringer,stringer@outlook.com,604-857-0032,id turpis integer aliquet massa id lobortis convallis tortor risus dapibus augue vel accumsan tellus nisi eu orci mauris lacinia sapien quis libero nullam sit amet turpis elementum ligula vehicula consequat morbi a ipsum integer a nibh in quis justo maecenas rhoncus aliquam,https://robohash.org/animietin.jpg?size=50x50&set=set1,330-95-9879,stringer98.pdf
99,Larissa,Somerscales,somerscales@live.com,604-557-0755,turpis enim blandit mi in porttitor pede justo eu massa donec dapibus duis at velit eu est congue elementum in hac habitasse platea dictumst,https://robohash.org/utporrocommodi.bmp?size=50x50&set=set1,410-89-7762,somerscales99.pdf
100,Esdras,Gilcrist,gilcrist@live.com,604-583-4892,nunc nisl duis bibendum felis sed interdum venenatis turpis enim blandit mi in porttitor pede justo eu massa donec dapibus duis at velit eu est congue elementum in hac habitasse platea dictumst morbi vestibulum velit id pretium iaculis diam erat fermentum,https://robohash.org/nemoipsumvel.bmp?size=50x50&set=set1,816-14-5283,gilcrist100.pdf
